Site,Region,Replicate,Date,Nitrate (mg/L),Phosphate (mg/L)
Chile,Non-polluted,1,1-2 Dec 23,0.407,0.0877
Chile,Non-polluted,2,1-2 Dec 23,0.308,0.0854
Chile,Non-polluted,3,1-2 Dec 23,0.155,0.058
Chile,Polluted,1,1-2 Dec 23,1.325,0.161
Chile,Polluted,2,1-2 Dec 23,0.329,0.1351
Chile,Polluted,3,1-2 Dec 23,0.394,0.3335
Chile,Non-polluted,1,18-19 Dec 23,0.049,0.0532
Chile,Non-polluted,2,18-19 Dec 23,0.127,0.0711
Chile,Non-polluted,3,18-19 Dec 23,0.066,0.049
Chile,Polluted,1,18-19 Dec 23,2.36,0.0485
Chile,Polluted,2,18-19 Dec 23,3.698,0.071
Chile,Polluted,3,18-19 Dec 23,2.992,0.0609
Chile,Non-polluted,1,15-16 Jan 24,0.581,0.0633
Chile,Non-polluted,2,15-16 Jan 24,0.26,0.0605
Chile,Non-polluted,3,15-16 Jan 24,0.09,0.036
Chile,Polluted,1,15-16 Jan 24,0.185,0.0552
Chile,Polluted,2,15-16 Jan 24,0.307,0.0654
Chile,Polluted,3,15-16 Jan 24,0.259,0.0876
Chile,Non-polluted,1,29-30 Jan 24,0.171,0.0421
Chile,Non-polluted,2,29-30 Jan 24,0.047,0.0579
Chile,Non-polluted,3,29-30 Jan 24,0.097,0.0431
Chile,Polluted,1,29-30 Jan 24,0.429,0.0517
Chile,Polluted,2,29-30 Jan 24,0.156,0.0364
Chile,Polluted,3,29-30 Jan 24,0.097,0.0374
Chile,Non-polluted,1,12-13 Feb 24,0.103,0.058
Chile,Non-polluted,2,12-13 Feb 24,0.131,0.0603
Chile,Non-polluted,3,12-13 Feb 24,0.275,0.056
Chile,Polluted,1,12-13 Feb 24,0.201,0.1052
Chile,Polluted,2,12-13 Feb 24,0.532,0.1135
Chile,Polluted,3,12-13 Feb 24,0.406,0.1029
Chile,Non-polluted,1,26-27 Feb 24,0.794,0.0512
Chile,Non-polluted,2,26-27 Feb 24,2.011,0.0559
Chile,Non-polluted,3,26-27 Feb 24,1.893,0.0652
Chile,Polluted,1,26-27 Feb 24,0.762,0.0811
Chile,Polluted,2,26-27 Feb 24,0.973,0.0823
Chile,Polluted,3,26-27 Feb 24,1.63,0.0854
Chile,Non-polluted,1,13-14 March 24,0.889,0.0971
Chile,Non-polluted,2,13-14 March 24,1.109,0.1201
Chile,Non-polluted,3,13-14 March 24,0.991,0.1162
Chile,Polluted,1,13-14 March 24,1.893,0.209
Chile,Polluted,2,13-14 March 24,1.746,0.2014
Chile,Polluted,3,13-14 March 24,2.045,0.2174
Chile,Non-polluted,1,19-20 March 24,0.89,0.1264
Chile,Non-polluted,2,19-20 March 24,1.075,0.1351
Chile,Non-polluted,3,19-20 March 24,0.981,0.1369
Chile,Polluted,1,19-20 March 24,1.723,0.1314
Chile,Polluted,2,19-20 March 24,1.939,0.1178
Chile,Polluted,3,19-20 March 24,1.564,0.2187
Ecuador,Non-polluted,1,1-3 Dec 2023,NA,0.2913
Ecuador,Non-polluted,2,1-3 Dec 2023,1.29,0.1962
Ecuador,Non-polluted,3,1-3 Dec 2023,1.6699,0.2299
Ecuador,Polluted,1,1-3 Dec 2023,2.2743,0.3799
Ecuador,Polluted,2,1-3 Dec 2023,NA,0.2821
Ecuador,Polluted,3,1-3 Dec 2023,NA,0.0952
Ecuador,Non-polluted,1,12-14 Jan 2024,0.3399,NA
Ecuador,Non-polluted,2,12-14 Jan 2024,0.62,NA
Ecuador,Non-polluted,3,12-14 Jan 2024,0.4671,NA
Ecuador,Polluted,1,12-14 Jan 2024,1.61,0.2391
Ecuador,Polluted,2,12-14 Jan 2024,1,0.2637
Ecuador,Polluted,3,12-14 Jan 2024,1.3683,0.184
Ecuador,Non-polluted,1,26-29 Jan 2024,0.3399,0.0552
Ecuador,Non-polluted,2,26-29 Jan 2024,0.15,0.0307
Ecuador,Non-polluted,3,26-29 Jan 2024,0.2799,0.046
Ecuador,Polluted,1,26-29 Jan 2024,2.4599,0.4329
Ecuador,Polluted,2,26-29 Jan 2024,2.2199,0.233
Ecuador,Polluted,3,26-29 Jan 2024,1.7501,0.2787
Ecuador,Non-polluted,1,11-13 Feb 2024,0.2698,0.0613
Ecuador,Non-polluted,2,11-13 Feb 2024,0.2799,0.0092
Ecuador,Polluted,1,11-13 Feb 2024,1.31,0.1012
Ecuador,Polluted,2,11-13 Feb 2024,0.52,0.1501
Ecuador,Polluted,3,11-13 Feb 2024,0.37,0.0675
Ecuador,Non-polluted,1,28-1 Mar 2024,0.2499,0.0828
Ecuador,Polluted,1,28-1 Mar 2024,1.8199,0.3403
Ecuador,Polluted,2,28-1 Mar 2024,1.4199,0.0981
Ecuador,Polluted,3,28-1 Mar 2024,NA,0.0889
Argentina,Non-polluted,1,4 Dec 23,0.0085,NA
Argentina,Non-polluted,2,4 Dec 23,0.00495,NA
Argentina,Non-polluted,3,4 Dec 23,0.00515,NA
Argentina,Polluted,1,4 Dec 23,0.00735,NA
Argentina,Polluted,2,4 Dec 23,0.0135,NA
Argentina,Polluted,3,4 Dec 23,0.05175,NA
Argentina,Non-polluted,1,18 Dec 23,0.0042,NA
Argentina,Non-polluted,2,18 Dec 23,0.00455,NA
Argentina,Non-polluted,3,18 Dec 23,0.00155,NA
Argentina,Polluted,1,18 Dec 23,0.0346,NA
Argentina,Polluted,2,18 Dec 23,0.01035,NA
Argentina,Polluted,3,18 Dec 23,0.00515,NA
Argentina,Non-polluted,1,2 Jan 24,0.00505,NA
Argentina,Non-polluted,2,2 Jan 24,0.01905,NA
Argentina,Non-polluted,3,2 Jan 24,0.00645,NA
Argentina,Polluted,1,2 Jan 24,0.03485,NA
Argentina,Polluted,2,2 Jan 24,0.0407,NA
Argentina,Polluted,3,2 Jan 24,0.0456,NA
Argentina,Non-polluted,1,15 Jan 24,0.00705,NA
Argentina,Non-polluted,2,15 Jan 24,0.0075,NA
Argentina,Non-polluted,3,15 Jan 24,0.0116,NA
Argentina,Polluted,1,15 Jan 24,0.0268,NA
Argentina,Polluted,2,15 Jan 24,0.026,NA
Argentina,Polluted,3,15 Jan 24,0.0393,NA
Argentina,Non-polluted,1,1 Feb 24,0.0189,NA
Argentina,Non-polluted,2,1 Feb 24,0.01495,NA
Argentina,Non-polluted,3,1 Feb 24,0.0205,NA
Argentina,Polluted,1,1 Feb 24,0.0325,NA
Argentina,Polluted,2,1 Feb 24,0.0369,NA
Argentina,Polluted,3,1 Feb 24,0.07335,NA
Argentina,Non-polluted,1,14 Feb 24,0.0253,NA
Argentina,Non-polluted,2,14 Feb 24,0.02705,NA
Argentina,Non-polluted,3,14 Feb 24,0.02585,NA
Argentina,Polluted,1,14 Feb 24,0.044,NA
Argentina,Polluted,2,14 Feb 24,0.058,NA
Argentina,Polluted,3,14 Feb 24,0.137,NA
Argentina,Non-polluted,1,1 March 24,0.0354,NA
Argentina,Non-polluted,2,1 March 24,0.0385,NA
Argentina,Non-polluted,3,1 March 24,0.03905,NA
Argentina,Polluted,1,1 March 24,0.0317,NA
Argentina,Polluted,2,1 March 24,0.039,NA
Argentina,Polluted,3,1 March 24,0.0482,NA
Argentina,Non-polluted,1,18 March 24,0.0267,NA
Argentina,Non-polluted,2,18 March 24,0.02295,NA
Argentina,Non-polluted,3,18 March 24,0.0233,NA
Argentina,Polluted,1,18 March 24,0.1003,NA
Argentina,Polluted,2,18 March 24,0.11485,NA
Argentina,Polluted,3,18 March 24,0.11395,NA
United Kingdom,Non-polluted,1,20 Jun 23,NA,0.08
United Kingdom,Non-polluted,2,20 Jun 23,NA,0.07
United Kingdom,Non-polluted,3,20 Jun 23,NA,0.04
United Kingdom,Non-polluted,4,20 Jun 23,NA,0.09
United Kingdom,Non-polluted,5,20 Jun 23,NA,0.09
United Kingdom,Polluted,1,20 Jun 23,NA,0.38
United Kingdom,Polluted,2,20 Jun 23,NA,0.33
United Kingdom,Polluted,3,20 Jun 23,NA,0.4
United Kingdom,Polluted,4,20 Jun 23,NA,0.28
United Kingdom,Polluted,5,20 Jun 23,NA,0.33
United Kingdom,Non-polluted,1,6 Jul 23,33.41,0.1
United Kingdom,Non-polluted,2,6 Jul 23,34.16,0.07
United Kingdom,Non-polluted,3,6 Jul 23,34.16,0.09
United Kingdom,Non-polluted,4,6 Jul 23,33.86,0.05
United Kingdom,Non-polluted,5,6 Jul 23,35.01,0.09
United Kingdom,Polluted,1,6 Jul 23,58.2,0.14
United Kingdom,Polluted,2,6 Jul 23,60.91,0.12
United Kingdom,Polluted,3,6 Jul 23,62.31,0.17
United Kingdom,Polluted,4,6 Jul 23,59.53,0.17
United Kingdom,Polluted,5,6 Jul 23,61.04,0.14
United Kingdom,Non-polluted,1,20 Jul 23,39.47,0
United Kingdom,Non-polluted,2,20 Jul 23,39.1,0.01
United Kingdom,Non-polluted,3,20 Jul 23,39.99,0.01
United Kingdom,Non-polluted,4,20 Jul 23,38.77,0
United Kingdom,Non-polluted,5,20 Jul 23,39.4,0.01
United Kingdom,Polluted,1,20 Jul 23,74.62,0.07
United Kingdom,Polluted,2,20 Jul 23,76.07,0.06
United Kingdom,Polluted,3,20 Jul 23,77.17,0.06
United Kingdom,Polluted,4,20 Jul 23,74.97,0.06
United Kingdom,Polluted,5,20 Jul 23,75.57,0.08
United Kingdom,Non-polluted,1,1 Aug 23,37.94,0.01
United Kingdom,Non-polluted,2,1 Aug 23,30.13,0
United Kingdom,Non-polluted,3,1 Aug 23,32.32,0.02
United Kingdom,Non-polluted,4,1 Aug 23,39.27,0
United Kingdom,Non-polluted,5,1 Aug 23,39.76,0.01
United Kingdom,Polluted,1,1 Aug 23,71.95,0.12
United Kingdom,Polluted,2,1 Aug 23,72.68,0.06
United Kingdom,Polluted,3,1 Aug 23,74.19,0.06
United Kingdom,Polluted,4,1 Aug 23,72.98,0.05
United Kingdom,Polluted,5,1 Aug 23,73.17,0.1
United Kingdom,Non-polluted,1,17 Aug 23,31.56,0.02
United Kingdom,Non-polluted,2,17 Aug 23,33.28,0.01
United Kingdom,Non-polluted,3,17 Aug 23,35.78,0
United Kingdom,Non-polluted,4,17 Aug 23,33.07,0
United Kingdom,Non-polluted,5,17 Aug 23,33.91,0.02
United Kingdom,Polluted,1,17 Aug 23,70.47,0.12
United Kingdom,Polluted,2,17 Aug 23,73.02,0.05
United Kingdom,Polluted,3,17 Aug 23,74.13,0.09
United Kingdom,Polluted,4,17 Aug 23,71.65,0.1
United Kingdom,Polluted,5,17 Aug 23,70.51,0.07
United Kingdom,Non-polluted,1,1 Sep 23,30.45,0
United Kingdom,Non-polluted,2,1 Sep 23,32.56,0
United Kingdom,Non-polluted,3,1 Sep 23,34.71,0.01
United Kingdom,Non-polluted,4,1 Sep 23,32.08,0.01
United Kingdom,Non-polluted,5,1 Sep 23,32.2,0.01
United Kingdom,Polluted,1,1 Sep 23,67.03,0.04
United Kingdom,Polluted,2,1 Sep 23,69.66,0.08
United Kingdom,Polluted,3,1 Sep 23,71.83,0.07
United Kingdom,Polluted,4,1 Sep 23,68.8,0.08
United Kingdom,Polluted,5,1 Sep 23,69.28,0.04
United Kingdom,Non-polluted,1,15 Sep 23,32.63,0.01
United Kingdom,Non-polluted,2,15 Sep 23,34.45,0.01
United Kingdom,Non-polluted,3,15 Sep 23,36.56,0
United Kingdom,Non-polluted,4,15 Sep 23,33.92,0.02
United Kingdom,Non-polluted,5,15 Sep 23,35.16,0
United Kingdom,Polluted,1,15 Sep 23,74.72,0.08
United Kingdom,Polluted,2,15 Sep 23,77.34,0.08
United Kingdom,Polluted,3,15 Sep 23,79.54,0.06
United Kingdom,Polluted,4,15 Sep 23,76.1,0.07
United Kingdom,Polluted,5,15 Sep 23,76.8,0.07
Norway,Non-polluted,1,5 Jun 24,0.027,0.0195
Norway,Non-polluted,2,5 Jun 24,0.027,0.0187
Norway,Non-polluted,3,5 Jun 24,0.026,0.0183
Norway,Polluted,1,5 Jun 24,0.171,0.0339
Norway,Polluted,2,5 Jun 24,0.171,0.0321
Norway,Polluted,3,5 Jun 24,0.171,0.0331
Norway,Non-polluted,1,19 Jun 24,0.03,0.0195
Norway,Non-polluted,2,19 Jun 24,0.03,0.0194
Norway,Non-polluted,3,19 Jun 24,0.03,0.0185
Norway,Polluted,1,19 Jun 24,0.038,0.0232
Norway,Polluted,2,19 Jun 24,0.038,0.0234
Norway,Polluted,3,19 Jun 24,0.04,0.0214
Norway,Non-polluted,1,3 Jul 24,0.03,0.0201
Norway,Non-polluted,2,3 Jul 24,0.031,0.0198
Norway,Non-polluted,3,3 Jul 24,0.032,0.0195
Norway,Polluted,1,3 Jul 24,0.286,0.0573
Norway,Polluted,2,3 Jul 24,0.288,0.0578
Norway,Polluted,3,3 Jul 24,0.29,0.0569
Norway,Non-polluted,1,17 Jul 24,0.021,0.0297
Norway,Non-polluted,2,17 Jul 24,0.021,0.0321
Norway,Non-polluted,3,17 Jul 24,0.021,0.0321
Norway,Polluted,1,17 Jul 24,0.153,0.0452
Norway,Polluted,2,17 Jul 24,0.152,0.0404
Norway,Polluted,3,17 Jul 24,0.153,0.0399
Norway,Non-polluted,1,31 Jul 24,0.014,0.0136
Norway,Non-polluted,2,31 Jul 24,0.013,0.0131
Norway,Non-polluted,3,31 Jul 24,0.014,0.0134
Norway,Polluted,1,31 Jul 24,0.116,0.0371
Norway,Polluted,2,31 Jul 24,0.119,0.0372
Norway,Polluted,3,31 Jul 24,0.119,0.0378
Norway,Non-polluted,1,14 Aug 24,0.046,0.0192
Norway,Non-polluted,2,14 Aug 24,0.047,0.0191
Norway,Non-polluted,3,14 Aug 24,0.047,0.0192
Norway,Polluted,1,14 Aug 24,0.05,0.0351
Norway,Polluted,2,14 Aug 24,0.053,0.0351
Norway,Polluted,3,14 Aug 24,0.054,0.0352
Norway,Non-polluted,1,28 Aug 24,0.09,0.031
Norway,Non-polluted,2,28 Aug 24,0.095,0.0309
Norway,Non-polluted,3,28 Aug 24,0.095,0.0302
Norway,Polluted,1,28 Aug 24,0.36,0.0817
Norway,Polluted,2,28 Aug 24,0.368,0.0807
Norway,Polluted,3,28 Aug 24,0.369,0.0769
Norway,Non-polluted,1,11 Sep 24,0.012,0.0055
Norway,Non-polluted,2,11 Sep 24,0.011,0.0045
Norway,Non-polluted,3,11 Sep 24,0.011,0.0052
Norway,Polluted,1,11 Sep 24,0.009,0.0111
Norway,Polluted,2,11 Sep 24,0.007,0.0112
Norway,Polluted,3,11 Sep 24,0.006,0.0096
Portugal 1,Non-polluted,1,13-14 Dec 23,0.0333,0.0073
Portugal 1,Non-polluted,2,13-14 Dec 23,0,0.0064
Portugal 1,Non-polluted,3,13-14 Dec 23,0,0.0069
Portugal 1,Non-polluted,4,13-14 Dec 23,0,0.0021
Portugal 1,Non-polluted,5,13-14 Dec 23,0,0.0055
Portugal 1,Polluted,1,13-14 Dec 23,0.7016,0.0567
Portugal 1,Polluted,2,13-14 Dec 23,0.7743,0.045
Portugal 1,Polluted,3,13-14 Dec 23,0.8097,0.0399
Portugal 1,Polluted,4,13-14 Dec 23,0.4406,0.0369
Portugal 1,Polluted,5,13-14 Dec 23,0.7744,0.0656
Portugal 1,Non-polluted,1,6-7 Jun 24,0.0738,0.0021
Portugal 1,Non-polluted,2,6-7 Jun 24,0,0.0053
Portugal 1,Non-polluted,3,6-7 Jun 24,0,0.0107
Portugal 1,Non-polluted,4,6-7 Jun 24,0,0.009
Portugal 1,Non-polluted,5,6-7 Jun 24,0,0.0008
Portugal 1,Polluted,1,6-7 Jun 24,0.4494,0.0418
Portugal 1,Polluted,2,6-7 Jun 24,0.4324,0.0379
Portugal 1,Polluted,3,6-7 Jun 24,0.4702,0.04
Portugal 1,Polluted,4,6 Jun 24,0.4745,0.0352
Portugal 1,Polluted,5,6-7 Jun 24,0.4191,0.0364
Portugal 1,Non-polluted,1,24-25 Jun 24,0.1025,0.0032
Portugal 1,Non-polluted,2,24-25 Jun 24,0,0.0009
Portugal 1,Non-polluted,3,24-25 Jun 24,0,0.0039
Portugal 1,Non-polluted,4,24-25 Jun 24,0,0
Portugal 1,Non-polluted,5,24-25 Jun 24,0,0
Portugal 1,Polluted,1,24-25 Jun 24,1.2275,0.0954
Portugal 1,Polluted,2,24-25 Jun 24,1.2535,0.0851
Portugal 1,Polluted,3,24-25 Jun 24,1.1429,0.0728
Portugal 1,Polluted,4,24-25 Jun 24,1.0352,0.0765
Portugal 1,Polluted,5,24-25 Jun 24,0.395,0.0612
Portugal 1,Non-polluted,1,8-9 Jul 24,0.0024,0.0027
Portugal 1,Non-polluted,2,8-9 Jul 24,0,0.0006
Portugal 1,Non-polluted,3,8-9 Jul 24,0,0
Portugal 1,Non-polluted,4,8-9 Jul 24,0,0
Portugal 1,Non-polluted,5,8-9 Jul 24,0,0
Portugal 1,Polluted,1,8-9 Jul 24,1.166,0.1286
Portugal 1,Polluted,2,8-9 Jul 24,1.2991,0.1275
Portugal 1,Polluted,3,8-9 Jul 24,1.274,0.1244
Portugal 1,Polluted,4,8-9 Jul 24,0.219,0.0297
Portugal 1,Polluted,5,8-9 Jul 24,0.321,0.0345
Portugal 1,Non-polluted,1,22-23 Jul 24,0.0981,0.0007
Portugal 1,Non-polluted,2,22-23 Jul 24,0,0.0018
Portugal 1,Non-polluted,3,22-23 Jul 24,0,0.0011
Portugal 1,Non-polluted,4,22-23 Jul 24,0,0.0026
Portugal 1,Non-polluted,5,22-23 Jul 24,0.0304,0.0001
Portugal 1,Polluted,1,22-23 Jul 24,0.3552,0.0475
Portugal 1,Polluted,2,22-23 Jul 24,0.3824,0.0417
Portugal 1,Polluted,3,22-23 Jul 24,0.7118,0.075
Portugal 1,Polluted,4,22-23 Jul 24,0.753,0.0626
Portugal 1,Polluted,5,22-23 Jul 24,0.7648,0.0555
Portugal 1,Non-polluted,1,6-7 Aug 24,0,0.0051
Portugal 1,Non-polluted,2,6-7 Aug 24,0,0.0029
Portugal 1,Non-polluted,3,6-7 Aug 24,0,0.0044
Portugal 1,Non-polluted,4,6-7 Aug 24,0,0.0002
Portugal 1,Non-polluted,5,6-7 Aug 24,0,0.0028
Portugal 1,Polluted,1,6-7 Aug 24,0.307,0.0342
Portugal 1,Polluted,2,6-7 Aug 24,0.3186,0.0219
Portugal 1,Polluted,3,6-7 Aug 24,0.936,0.0698
Portugal 1,Polluted,4,6-7 Aug 24,1.6525,0.1098
Portugal 1,Polluted,5,6-7 Aug 24,1.6628,0.1323
Portugal 1,Non-polluted,1,23 Aug 24,0.0226,0.0066
Portugal 1,Non-polluted,2,23 Aug 24,0,0.0025
Portugal 1,Non-polluted,3,23 Aug 24,0,0.0038
Portugal 1,Non-polluted,4,23 Aug 24,0,0.0039
Portugal 1,Non-polluted,5,23 Aug 24,0,0.003
Portugal 1,Polluted,1,23 Aug 24,0.1463,0.0296
Portugal 1,Polluted,2,23 Aug 24,0.1662,0.0413
Portugal 1,Polluted,3,23 Aug 24,0.2313,0.0329
Portugal 1,Polluted,4,23 Aug 24,0.249,0.0327
Portugal 1,Polluted,5,23 Aug 24,0.3823,0.0433
Portugal 1,Non-polluted,1,5 Sep 24,0.0818,0.0081
Portugal 1,Non-polluted,2,5 Sep 24,0,0.0099
Portugal 1,Non-polluted,3,5 Sep 24,0,0.0015
Portugal 1,Non-polluted,4,5 Sep 24,0,0.0029
Portugal 1,Non-polluted,5,5 Sep 24,0.0219,0.0144
Portugal 1,Polluted,1,5 Sep 24,0.3377,0.0411
Portugal 1,Polluted,2,5 Sep 24,0.6912,0.0657
Portugal 1,Polluted,3,5 Sep 24,0.5984,0.0628
Portugal 1,Polluted,4,5 Sep 24,0.5977,0.0527
Portugal 1,Polluted,5,5 Sep 24,0.6785,0.0676
Portugal 1,Non-polluted,1,19-20 Sep 24,0.3127,0.0037
Portugal 1,Non-polluted,2,19-20 Sep 24,0,0.0084
Portugal 1,Non-polluted,3,19-20 Sep 24,0,0.0033
Portugal 1,Non-polluted,4,19-20 Sep 24,0,0.0058
Portugal 1,Non-polluted,5,19-20 Sep 24,0,0.0043
Portugal 1,Polluted,1,19-20 Sep 24,0.3803,0.047
Portugal 1,Polluted,2,19-20 Sep 24,1.3253,0.1239
Portugal 1,Polluted,3,19-20 Sep 24,0.2398,0.0367
Portugal 1,Polluted,4,19-20 Sep 24,3.0178,0.1735
Portugal 1,Polluted,5,19-20 Sep 24,3.1373,0.1794
Portugal 2,Non-polluted,1,Jun,0,NA
Portugal 2,Polluted,1,Jun,5,NA
Portugal 2,Non-polluted,1,Jul 1,0,NA
Portugal 2,Polluted,1,Jul 1,5,NA
Portugal 2,Non-polluted,1,Jul 2,0,NA
Portugal 2,Polluted,1,Jul 2,5,NA
Portugal 2,Non-polluted,1,Aug 1,0,NA
Portugal 2,Polluted,1,Aug 1,2,NA
Portugal 2,Non-polluted,1,Aug 2,NA,NA
Portugal 2,Polluted,1,Aug 2,NA,NA
Portugal 2,Non-polluted,1,Sep 1,0,NA
Portugal 2,Polluted,1,Sep 1,5,NA
Portugal 2,Non-polluted,1,Sep 2,0,NA
Portugal 2,Polluted,1,Sep 2,4,NA
Vietnam,Non-polluted,1,Jun 1,1.5,0
Vietnam,Non-polluted,2,Jun 1,1.5,0
Vietnam,Non-polluted,3,Jun 1,1,0
Vietnam,Non-polluted,4,Jun 1,1.2,0
Vietnam,Non-polluted,5,Jun 1,1.2,0
Vietnam,Polluted,1,Jun 1,5.2,0.2
Vietnam,Polluted,2,Jun 1,5,0.3
Vietnam,Polluted,3,Jun 1,5,0.3
Vietnam,Polluted,4,Jun 1,4.7,0.3
Vietnam,Polluted,5,Jun 1,4.5,0.2
Vietnam,Non-polluted,1,Jun 2,0,0.3
Vietnam,Non-polluted,2,Jun 2,0.2,0.3
Vietnam,Non-polluted,3,Jun 2,0.4,0.2
Vietnam,Non-polluted,4,Jun 2,0.3,0.3
Vietnam,Non-polluted,5,Jun 2,0.3,0.3
Vietnam,Polluted,1,Jun 2,4,0.8
Vietnam,Polluted,2,Jun 2,4,0.6
Vietnam,Polluted,3,Jun 2,3.7,0.5
Vietnam,Polluted,4,Jun 2,3.5,0.8
Vietnam,Polluted,5,Jun 2,3.8,0.6
Vietnam,Non-polluted,1,Jul 1,1.6,0
Vietnam,Non-polluted,2,Jul 1,1.4,0
Vietnam,Non-polluted,3,Jul 1,1.7,0
Vietnam,Non-polluted,4,Jul 1,1,0
Vietnam,Non-polluted,5,Jul 1,1.3,0
Vietnam,Polluted,1,Jul 1,4.6,0.8
Vietnam,Polluted,2,Jul 1,4.4,0.6
Vietnam,Polluted,3,Jul 1,4.7,0.4
Vietnam,Polluted,4,Jul 1,3.8,0.8
Vietnam,Polluted,5,Jul 1,4.9,0.6
Vietnam,Non-polluted,1,Jul 2,0.3,0
Vietnam,Non-polluted,2,Jul 2,0.3,0
Vietnam,Non-polluted,3,Jul 2,0.2,0.2
Vietnam,Non-polluted,4,Jul 2,0.3,0.2
Vietnam,Non-polluted,5,Jul 2,0.4,0.1
Vietnam,Polluted,1,Jul 2,4.7,0.8
Vietnam,Polluted,2,Jul 2,4.9,0.7
Vietnam,Polluted,3,Jul 2,4.3,0.9
Vietnam,Polluted,4,Jul 2,4.6,0.8
Vietnam,Polluted,5,Jul 2,5,0.8
Vietnam,Non-polluted,1,Aug 1,0.8,0
Vietnam,Non-polluted,2,Aug 1,0.8,0
Vietnam,Non-polluted,3,Aug 1,0.6,0.2
Vietnam,Non-polluted,4,Aug 1,0.6,0.1
Vietnam,Non-polluted,5,Aug 1,0.8,0.2
Vietnam,Polluted,1,Aug 1,4.9,0.3
Vietnam,Polluted,2,Aug 1,4.4,0.5
Vietnam,Polluted,3,Aug 1,4.2,0.3
Vietnam,Polluted,4,Aug 1,5,0.4
Vietnam,Polluted,5,Aug 1,5.4,0.4
Vietnam,Non-polluted,1,Aug 2,1.5,0.2
Vietnam,Non-polluted,2,Aug 2,1.5,0.2
Vietnam,Non-polluted,3,Aug 2,1.6,0.4
Vietnam,Non-polluted,4,Aug 2,1.2,0.3
Vietnam,Non-polluted,5,Aug 2,1.3,0.2
Vietnam,Polluted,1,Aug 2,6.2,0.6
Vietnam,Polluted,2,Aug 2,6.3,0.6
Vietnam,Polluted,3,Aug 2,6.8,0.8
Vietnam,Polluted,4,Aug 2,6.9,0.8
Vietnam,Polluted,5,Aug 2,6.9,0.8
Vietnam,Non-polluted,1,Sep 1,0,0.1
Vietnam,Non-polluted,2,Sep 1,0,0.1
Vietnam,Non-polluted,3,Sep 1,0,0
Vietnam,Non-polluted,4,Sep 1,0,0.2
Vietnam,Non-polluted,5,Sep 1,0,0.1
Vietnam,Polluted,1,Sep 1,0.2,0.2
Vietnam,Polluted,2,Sep 1,0.2,0.3
Vietnam,Polluted,3,Sep 1,0.3,0.5
Vietnam,Polluted,4,Sep 1,0.2,0.3
Vietnam,Polluted,5,Sep 1,0.2,0.3
Vietnam,Non-polluted,1,Sep 2,1.1,0.5
Vietnam,Non-polluted,2,Sep 2,1,0.4
Vietnam,Non-polluted,3,Sep 2,0.9,0.2
Vietnam,Non-polluted,4,Sep 2,0.9,0.3
Vietnam,Non-polluted,5,Sep 2,0.9,0.3
Vietnam,Polluted,1,Sep 2,2.4,0.8
Vietnam,Polluted,2,Sep 2,2.5,0.8
Vietnam,Polluted,3,Sep 2,2.8,0.9
Vietnam,Polluted,4,Sep 2,2.8,0.8
Vietnam,Polluted,5,Sep 2,2.6,0.9
Denmark,Polluted,1,Jun 1,2.409514,0.213965
Denmark,Non-polluted,1,Jun 1,1.146889,0.116255
Denmark,Polluted,1,Jun 2,3.192017,0.189942
Denmark,Non-polluted,1,Jun 2,1.235796,0.080613
Denmark,Polluted,1,Jul 1,2.741861,0.146255
Denmark,Non-polluted,1,Jul 1,1.523671,0.067764
Denmark,Polluted,1,Jul 2,3.009723,0.190892
Denmark,Non-polluted,1,Jul 2,1.305898,0.069161
Denmark,Polluted,1,Aug 1,2.565767,0.153853
Denmark,Non-polluted,1,Aug 1,1.047681,0.044915
Denmark,Polluted,1,Aug 2,NA,NA
Denmark,Non-polluted,1,Aug 2,NA,NA
Denmark,Polluted,1,Sep 1,3.543586,0.168099
Denmark,Non-polluted,1,Sep 1,1.555466,0.079104
Denmark,Polluted,1,Sep 2,NA,NA
Denmark,Non-polluted,1,Sep 2,NA,NA
Greenland,Polluted,1,Jun 1,1.317606,0.074077
Greenland,Non-polluted,1,Jun 1,0.696144,0.023743
Greenland,Polluted,1,Jun 2,1.641892,0.043687
Greenland,Non-polluted,1,Jun 2,0.758769,0.049273
Greenland,Polluted,1,Jul 1,0.896592,0.056033
Greenland,Non-polluted,1,Jul 1,0.403757,0.047429
Greenland,Polluted,1,Jul 2,0.559905,0.062681
Greenland,Non-polluted,1,Jul 2,0.560353,0.05782
Greenland,Polluted,1,Aug 1,1.094388,0.087373
Greenland,Non-polluted,1,Aug 1,0.550881,0.042681
Greenland,Polluted,1,Aug 2,0.99332,0.078826
Greenland,Non-polluted,1,Aug 2,0.606685,0.03134
Greenland,Polluted,1,Sep 1,0.953017,0.107317
Greenland,Non-polluted,1,Sep 1,0.341924,0.053128
Greenland,Polluted,1,Sep 2,0.766382,0.087373
Greenland,Non-polluted,1,Sep 2,0.551605,0.063128
Portugal 2,Non-polluted,1,Jun,0,NA
Portugal 2,Polluted,1,Jun,5,NA
Portugal 2,Non-polluted,1,Jul 1,0,NA
Portugal 2,Polluted,1,Jul 1,5,NA
Portugal 2,Non-polluted,1,Jul 2,0,NA
Portugal 2,Polluted,1,Jul 2,5,NA
Portugal 2,Non-polluted,1,Aug 1,0,NA
Portugal 2,Polluted,1,Aug 1,2,NA
Portugal 2,Non-polluted,1,Aug 2,NA,NA
Portugal 2,Polluted,1,Aug 2,NA,NA
Portugal 2,Non-polluted,1,Sep 1,0,NA
Portugal 2,Polluted,1,Sep 1,5,NA
Portugal 2,Non-polluted,1,Sep 2,0,NA
Portugal 2,Polluted,1,Sep 2,4,NA
New Zealand,Polluted,1,15 Mar 2024,0.0267,0.0162
New Zealand,Non-polluted,1,15 Mar 2024,0.0109,0.0077
New Zealand,Non-polluted,1,13 May 2024,0.0727,0.0065
New Zealand,Polluted,1,13 May 2024,0.189,0.0118
New Zealand,Polluted,2,13 May 2024,0.181,0.0142